{"loss/overall_loss": 346.7745666503906, "step": 361, "_timestamp": 1713819951.424099, "_runtime": 153.3870289325714, "_step": 1809, "loss/position_loss": 335.0174560546875, "loss/rotation_loss": 1.154731273651123, "param/sx": 0.023346299305558205, "param/sq": -2.9665842056274414}