{"loss/overall_loss": 116.04283905029297, "step": 3251, "_timestamp": 1713821130.601865, "_runtime": 1332.5647950172424, "_step": 16262, "loss/position_loss": 126.70787811279297, "loss/rotation_loss": 0.6548341512680054, "param/sx": 0.15193283557891846, "param/sq": -2.6999151706695557, "median_error/total_train": 163.33009338378906, "median_error/pos_train": 160.00001525878906, "median_error/ori_train": 0.8327882289886475, "median_error/total_val": 86.89021301269531, "median_error/pos_val": 79.60990905761719, "median_error/ori_val": 0.8623049259185791, "epoch": 0, "mean_error/total_train": 246.2484747213994, "mean_error/pos_train": 243.1879256029102, "mean_error/ori_train": 0.8371017722181889, "mean_error/total_val": 92.43075343540737, "mean_error/pos_val": 90.37900870186942, "mean_error/ori_val": 0.8999011772019523, "learning_rate": 0.0001}